studentID,studentName
U100001,Jordan Lee
U100002,Chris Thomas
U100003,Reese Jackson
U100004,Alex Brown
U100005,Reese Lee
U100006,Skyler Lee
U100007,Skyler Nguyen
U100008,Robin Patel
U100009,Skyler Jackson
U100010,Skyler Martinez
U100011,Jamie Davis
U100012,Jamie Harris
U100013,Robin Clark
U100014,Devin Thomas
U100015,Alex Gonzalez
U100016,Riley Lee
U100017,Taylor Lopez
U100018,Jordan Gonzalez
U100019,Kai Thomas
U100020,Jamie Thomas
U100021,Avery Harris
U100022,Drew Patel
U100023,Morgan Gonzalez
U100024,Taylor Kim
U100025,Chris Kim
U100026,Sam White
U100027,Morgan Martinez
U100028,Robin Thomas
U100029,Chris Hernandez
U100030,Taylor Martinez
U100031,Avery Perez
U100032,Morgan Garcia
U100033,Morgan Hernandez
U100034,Logan Kim
U100035,Sydney Lopez
U100036,Riley Harris
U100037,Jordan Patel
U100038,Reese Gonzalez
U100039,Jamie Lee
U100040,Robin Perez
U100041,Jamie Perez
U100042,Jordan Harris
U100043,Avery Gonzalez
U100044,Devin Harris
U100045,Devin Davis
U100046,Drew Hernandez
U100047,Morgan Thomas
U100048,Casey Wilson
U100049,Casey Clark
U100050,Devin Martinez
U100051,Kai Davis
U100052,Drew Lee
U100053,Reese Garcia
U100054,Avery Lee
U100055,Drew Nguyen
U100056,Logan Wilson
U100057,Skyler Harris
U100058,Riley Gonzalez
U100059,Skyler Thomas
U100060,Taylor White
U100061,Sam Jackson
U100062,Casey Hernandez
U100063,Chris Perez
U100064,Casey Patel
U100065,Logan Gonzalez
U100066,Sam Garcia
U100067,Chris Nguyen
U100068,Skyler Anderson
U100069,Alex Patel
U100070,Cameron Patel
U100071,Morgan Anderson
U100072,Jamie Wilson
U100073,Skyler Brown
U100074,Quinn Davis
U100075,Taylor Perez
U100076,Cameron Harris
U100077,Kai Patel
U100078,Casey Lee
U100079,Avery Davis
U100080,Riley Lopez
U100081,Robin Gonzalez
U100082,Cameron Lopez
U100083,Taylor Patel
U100084,Robin Harris
U100085,Robin Kim
U100086,Alex Nguyen
U100087,Morgan Harris
U100088,Casey Anderson
U100089,Skyler White
U100090,Alex Anderson
U100091,Riley Brown
U100092,Sam Brown
U100093,Taylor Clark
U100094,Jordan Jackson
U100095,Jamie Clark
U100096,Kai Brown
U100097,Drew Kim
U100098,Logan Thomas
U100099,Logan Martinez
U100100,Kai Garcia
